merchant_id,merchant_name,merchant_category,live_created_date
293,GoodHope,PROFESSIONAL SERVICES,19/11/2014
422,CornerDigi,DIGITAL GOODS AND STATIONERY,09/12/2014
616,GoldenRing,FINANCIAL SERVICES,08/01/2015
1010,Pharma,MEDICAL CARE AND EQUIPMENT,23/03/2015
1018,EagleCall,TELECOMMUNICATION,24/03/2015
1209,Cereal4You,FOOD AND BEVERAGE,17/04/2015
1236,PizzaHub,FOOD AND BEVERAGE,22/04/2015
1314,MightyForce,CHARITY AND NGOs,05/05/2015
1665,RecordEase,PROFESSIONAL SERVICES,05/06/2015
1815,HeyTran,TRANSPORTATION,25/06/2015
1839,Motorhomy,AUTOMOBILES AND VEHICLES,29/06/2015
1929,TheUncommon,PROFESSIONAL SERVICES,16/07/2015
2124,ExpressD,TRANSPORTATION,21/08/2015
2369,Matter Bar,FOOD AND BEVERAGE,17/09/2015
2447,GoodGreen,FOOD AND BEVERAGE,29/09/2015
2723,Queens,PROFESSIONAL SERVICES,03/11/2015
2750,Deco,TELECOMMUNICATION,05/11/2015
2786,FarAway,PROFESSIONAL SERVICES,09/11/2015
2856,Stylee,CLOTHING OUTLETS,17/11/2015
2920,Kato,DIGITAL GOODS AND STATIONERY,26/11/2015
2971,Wild Pansy,TRANSPORTATION,01/12/2015
3045,FlyingCable,TELECOMMUNICATION,08/12/2015
3553,UrbanConnect,PROFESSIONAL SERVICES,03/02/2016
3619,FarmTransform,PROFESSIONAL SERVICES,08/02/2016
4478,Wish Care,PERSONAL CARE,12/04/2016
4547,FundGlobe,CHARITY AND NGOs,19/04/2016
4574,Hilltop,DIGITAL GOODS AND STATIONERY,21/04/2016
4646,Pipe Palace,DIGITAL GOODS AND STATIONERY,28/04/2016
4964,Mi Mi Bike,AUTOMOBILES AND VEHICLES,16/05/2016
5049,First Flip The Shop,GENERAL GOODS STORES,23/05/2016
5542,Homelearner,EDUCATION SERVICES,21/06/2016
8448,Tendenza,GENERAL GOODS STORES,12/07/2016
8616,ColoFest,TRANSPORTATION,21/07/2016
8724,Two Owls café,Food retail and service,26/07/2016
8803,Olivia Vehicles,AUTOMOBILES AND VEHICLES,29/07/2016
9034,River & pond Care,PERSONAL CARE,11/08/2016
9241,IndyFlyer,Travel,26/08/2016
9287,Escotten Sky,AMUSEMENT AND ENTERTAINMENT,29/08/2016
9352,Widee,AMUSEMENT AND ENTERTAINMENT,02/09/2016
9441,AlphaRoots,CHARITY AND NGOs,08/09/2016
9548,Hidden Drive,TRANSPORTATION,13/09/2016
9755,Silver Sandbox,ARTS AND HOBBIES,26/09/2016
9967,UrbanHues,CHARITY AND NGOs,07/10/2016
10440,Chiang Tai,GENERAL GOODS STORES,31/10/2016
11155,SuperFresh,PROFESSIONAL SERVICES,28/11/2016
11382,The Hot Kitchen,FOOD AND BEVERAGE,06/12/2016
11699,Babes Online videos,AMUSEMENT AND ENTERTAINMENT,18/12/2016
11757,Cherished electrical travaling,TRANSPORTATION,20/12/2016
12278,Mini Chic Cloth,CLOTHING OUTLETS,10/01/2017
12422,Seattle Spice Gallery,ARTS AND HOBBIES,16/01/2017
13486,Juneberry Boutique Shop,GENERAL GOODS STORES,23/02/2017
13764,Shopaholic,FINANCIAL SERVICES,06/03/2017
13789,Nature Harvest,PROFESSIONAL SERVICES,07/03/2017
13846,ZeperonMeet,TELECOMMUNICATION,08/03/2017
14032,Click Mall,GENERAL GOODS STORES,14/03/2017
14110,Worldtrek,Travel,17/03/2017
14218,Seamusly,PROFESSIONAL SERVICES,21/03/2017
14563,GiftAt,AMUSEMENT AND ENTERTAINMENT,03/04/2017
14925,Treasure Box,SPORTS OUTLETS,18/04/2017
15322,peacebeam.store,PROFESSIONAL SERVICES,02/05/2017
15490,Mind Curves,TRANSPORTATION,08/05/2017
15741,WorlCon,TELECOMMUNICATION,17/05/2017
15748,Magic Cross,AMUSEMENT AND ENTERTAINMENT,17/05/2017
15914,Urban Crest,FOOD AND BEVERAGE,24/05/2017
15938,LawsConsult,PROFESSIONAL SERVICES,25/05/2017
16032,Azure cuts,EDUCATION SERVICES,29/05/2017
16129,Better Land,TELECOMMUNICATION,01/06/2017
16413,Golden City,"HOME, FURNISHINGS AND ELECTRONICS",08/06/2017
16831,Happy Salmon,PROFESSIONAL SERVICES,19/06/2017
17419,BillElectro,UTILITIES,30/06/2017
17420,Earthbound,PROFESSIONAL SERVICES,30/06/2017
17693,Web Mall,PROFESSIONAL SERVICES,05/07/2017
18194,Star clothing,CLOTHING OUTLETS,17/07/2017
18250,OldieArcade,AMUSEMENT AND ENTERTAINMENT,18/07/2017
18633,HotelMuze,TRAVEL AND ACCOMMODATION,24/07/2017
19144,ClaraBankz,FINANCIAL SERVICES,31/07/2017
21518,Kid Food,FOOD AND BEVERAGE,18/08/2017
22303,The Flourish,FOOD AND BEVERAGE,25/08/2017
22689,Tommy Hilfiger,CONSTRUCTION AND INDUSTRIAL,29/08/2017
22868,FashionFiesta,FOOD AND BEVERAGE,30/08/2017
23108,BangkokClick,DIGITAL GOODS AND STATIONERY,01/09/2017
25201,N-fiesta,GENERAL GOODS STORES,20/09/2017
25272,StarCave,FINANCIAL SERVICES,21/09/2017
26683,Avenues72,AMUSEMENT AND ENTERTAINMENT,04/10/2017
26690,Albert New,PROFESSIONAL SERVICES,04/10/2017
26808,Deploya-Logo,PERSONAL CARE,05/10/2017
26916,Flying Fest,DIGITAL GOODS AND STATIONERY,06/10/2017
28679,Greater Gifts,SPORTS OUTLETS,25/10/2017
29080,Woodstock General,DIGITAL GOODS AND STATIONERY,30/10/2017
29171,Adventure Nature,AUTOMOBILES AND VEHICLES,31/10/2017
30671,Big Beauty,AUTOMOBILES AND VEHICLES,16/11/2017
30941,Felacia,PROFESSIONAL SERVICES,20/11/2017
31358,Milli,DIGITAL GOODS AND STATIONERY,24/11/2017
31849,DailyMart,DIGITAL GOODS AND STATIONERY,30/11/2017
31937,CircleGeneral,PROFESSIONAL SERVICES,01/12/2017
32261,Crown,PERSONAL CARE,06/12/2017
32429,Drygoods,DIGITAL GOODS AND STATIONERY,08/12/2017
32876,Boulevard Gifts,PERSONAL CARE,15/12/2017
33005,Shopello,TRANSPORTATION,18/12/2017
33506,Jackson Street,TELECOMMUNICATION,27/12/2017
33838,PureC,PERSONAL CARE,04/01/2018
34717,Groove,INFORMATION TECHNOLOGY,16/01/2018
35106,Diffuzzy,PERSONAL CARE,22/01/2018
35629,Premier Gifts,PERSONAL CARE,30/01/2018
36101,MenWomen,PERSONAL CARE,08/02/2018
36467,Seven Vision,Beauty and fragrances,14/02/2018
37388,BloopBerry,CLOTHING OUTLETS,22/02/2018
37768,Devlex,TELECOMMUNICATION,02/03/2018
37769,Women Store,TELECOMMUNICATION,02/03/2018
38281,Clothywave,AMUSEMENT AND ENTERTAINMENT,13/03/2018
38289,EverMan,FOOD AND BEVERAGE,13/03/2018
38656,DemandOn,PROFESSIONAL SERVICES,20/03/2018
39056,InsideOut,FINANCIAL SERVICES,28/03/2018
40113,Bruzex,DIGITAL GOODS AND STATIONERY,19/04/2018
40743,Play Video,GENERAL GOODS STORES,02/05/2018
42172,Acre Bar,FOOD AND BEVERAGE,31/05/2018
42760,beuBelle,CLOTHING OUTLETS,14/06/2018
42761,First Trend,FOOD AND BEVERAGE,14/06/2018
43318,Zerlin beauty,GENERAL GOODS STORES,26/06/2018
43475,The Full Cart,DIGITAL GOODS AND STATIONERY,29/06/2018
43651,Neighborly,TELECOMMUNICATION,03/07/2018
43652,Jasmine,TELECOMMUNICATION,03/07/2018
43682,WhiteFoxy,TELECOMMUNICATION,04/07/2018
43785,202 Whimsical,TRAVEL AND ACCOMMODATION,06/07/2018
43937,Accent,FOOD AND BEVERAGE,10/07/2018
44046,Flash Stores,DIGITAL GOODS AND STATIONERY,12/07/2018
44873,Catty,ANIMAL GOODS AND SERVICES,31/07/2018
45812,Zoodle,TRANSPORTATION,22/08/2018
46458,Cybershop,GENERAL GOODS STORES,04/09/2018
46602,NewVibe,GENERAL GOODS STORES,07/09/2018
47105,Pulse Gift Shop,CLOTHING OUTLETS,19/09/2018
47261,Math way,EDUCATION SERVICES,24/09/2018
48394,Green Organica,FOOD AND BEVERAGE,22/10/2018
48552,joyunbound,TRAVEL AND ACCOMMODATION,26/10/2018
48917,Rogun,GENERAL GOODS STORES,05/11/2018
48960,Simpify,PROFESSIONAL SERVICES,07/11/2018
49157,MusicSky,AMUSEMENT AND ENTERTAINMENT,12/11/2018
50020,Lone Star,AMUSEMENT AND ENTERTAINMENT,05/12/2018
51292,Paper Rock,ARTS AND HOBBIES,14/01/2019
51624,Amerika,CLOTHING OUTLETS,22/01/2019
51779,Zerry,TRANSPORTATION,25/01/2019
51848,Arbor General Store,PROFESSIONAL SERVICES,28/01/2019
52328,UrbanBond,"HOME, FURNISHINGS AND ELECTRONICS",11/02/2019
53585,MeShopping,"HOME, FURNISHINGS AND ELECTRONICS",18/02/2019
53679,Casual Dots,CLOTHING OUTLETS,21/02/2019
53946,Quail,SPORTS OUTLETS,28/02/2019
55056,Chemi,EDUCATION SERVICES,07/03/2019
56110,SaltWater,FINANCIAL SERVICES,26/03/2019
56289,One-Click Picks,FINANCIAL SERVICES,29/03/2019
56299,Quail Hollow,FINANCIAL SERVICES,29/03/2019
56512,Plentiful,AUTOMOBILES AND VEHICLES,03/04/2019
58652,The White Barn,"HOME, FURNISHINGS AND ELECTRONICS",21/05/2019
59147,Man wire,TELECOMMUNICATION,29/05/2019
60260,chunky,CLOTHING OUTLETS,18/06/2019
60611,M-Video,INFORMATION TECHNOLOGY,24/06/2019
60666,Joys,"HOME, FURNISHINGS AND ELECTRONICS",25/06/2019
60675,Pylones,SPORTS OUTLETS,25/06/2019
61534,Main Street,FOOD AND BEVERAGE,09/07/2019
61597,ClearClean,FOOD AND BEVERAGE,10/07/2019
62257,Dreamy,FOOD AND BEVERAGE,22/07/2019
62860,ToTheMoon,PROFESSIONAL SERVICES,31/07/2019
62995,TurkishStreet,FOOD AND BEVERAGE,02/08/2019
63103,Delights,CLOTHING OUTLETS,05/08/2019
63177,Isabel,EDUCATION SERVICES,06/08/2019
63338,nextcharm,GENERAL GOODS STORES,08/08/2019
63345,Funspike,FOOD AND BEVERAGE,08/08/2019
65025,Surprise,INFORMATION TECHNOLOGY,23/08/2019
65148,Wagon,PROFESSIONAL SERVICES,27/08/2019
65161,Petite,CONSTRUCTION AND INDUSTRIAL,27/08/2019
65197,Sofast,PERSONAL CARE,28/08/2019
65317,Bloom,FOOD AND BEVERAGE,30/08/2019
65647,Pink Elixir,FOOD AND BEVERAGE,05/09/2019
65734,CarFull,AUTOMOBILES AND VEHICLES,06/09/2019
65882,forevergrace.store,AMUSEMENT AND ENTERTAINMENT,09/09/2019
69295,MigthyWood,TRANSPORTATION,21/10/2019
69300,Keepsakes,TELECOMMUNICATION,21/10/2019
70185,Fresh Pavilion General Store,SPORTS OUTLETS,07/11/2019
70993,Handmood,FOOD AND BEVERAGE,26/11/2019
71206,FoodDepot General Store,FOOD AND BEVERAGE,02/12/2019
71207,MysticSpace,FOOD AND BEVERAGE,02/12/2019
71208,E-Store,FOOD AND BEVERAGE,02/12/2019
71209,SafeYummy,FOOD AND BEVERAGE,02/12/2019
71211,Woodforest Corner Store,DIGITAL GOODS AND STATIONERY,02/12/2019
71214,Bound by Sky,TRANSPORTATION,02/12/2019
71215,Superette Online Store,GENERAL GOODS STORES,02/12/2019
71657,Munzee,CLOTHING OUTLETS,13/12/2019
71771,PennyUp,INFORMATION TECHNOLOGY,17/12/2019
72005,Online Grocery,SPORTS OUTLETS,24/12/2019
72006,NewCab,TRANSPORTATION,24/12/2019
72041,TopSkin,PERSONAL CARE,25/12/2019
72098,Mystique,"HOME, FURNISHINGS AND ELECTRONICS",26/12/2019
72576,GreatGix,EDUCATION SERVICES,09/01/2020
72723,Pier 33,CLOTHING OUTLETS,13/01/2020
72777,Avenue 52,"HOME, FURNISHINGS AND ELECTRONICS",14/01/2020
72814,FreshTeen,CLOTHING OUTLETS,15/01/2020
72987,Roots,PROFESSIONAL SERVICES,20/01/2020
73093,The Sweet Spot,CLOTHING OUTLETS,22/01/2020
73326,Lots of Love Gifts,DIGITAL GOODS AND STATIONERY,27/01/2020
73695,Nest Interiors,FOOD AND BEVERAGE,05/02/2020
74101,E-Z Go,FINANCIAL SERVICES,13/02/2020
74317,BingG,CLOTHING OUTLETS,19/02/2020
74406,HomeBox,"HOME, FURNISHINGS AND ELECTRONICS",21/02/2020
75355,SuperSor,SPORTS OUTLETS,11/03/2020
75373,FreshArt,PROFESSIONAL SERVICES,11/03/2020
75418,Directmart Grocery,MEDICAL CARE AND EQUIPMENT,12/03/2020
75593,Hands of the World,FINANCIAL SERVICES,16/03/2020
75633,Fabunna,CLOTHING OUTLETS,17/03/2020
75732,Ten Thousand Villages,EDUCATION SERVICES,19/03/2020
75887,Right Jade Boutique,"HOME, FURNISHINGS AND ELECTRONICS",23/03/2020
76107,TailSpree Fashion Shop,DIGITAL GOODS AND STATIONERY,26/03/2020
77008,Delany,CLOTHING OUTLETS,10/04/2020
77071,Brown Bear,CLOTHING OUTLETS,11/04/2020
77229,TukTukcall,TRANSPORTATION,14/04/2020
77664,UpZine,FOOD AND BEVERAGE,20/04/2020
78170,BoxBug,FINANCIAL SERVICES,28/04/2020
78300,IndianHal,FOOD AND BEVERAGE,30/04/2020
78362,Redspice,FOOD AND BEVERAGE,30/04/2020
79199,BlackFeather,DIGITAL GOODS AND STATIONERY,16/05/2020
79443,Build123,CONSTRUCTION AND INDUSTRIAL,19/05/2020
79772,henceBerry,FOOD AND BEVERAGE,25/05/2020
80188,VitaminZ,PERSONAL CARE,29/05/2020
80449,XYZ,CLOTHING OUTLETS,04/06/2020
81930,PurpleShades,PERSONAL CARE,30/06/2020
82283,ScienceSquare,EDUCATION SERVICES,07/07/2020
82912,Iris Legacy,TRAVEL AND ACCOMMODATION,17/07/2020
82956,MexicanWay,TRAVEL AND ACCOMMODATION,17/07/2020
82966,Centralriver,TRAVEL AND ACCOMMODATION,17/07/2020
82969,Sunlight Shopping,TRAVEL AND ACCOMMODATION,17/07/2020
82976,LoweFravyo,TRAVEL AND ACCOMMODATION,17/07/2020
83199,Lapis Works,GENERAL GOODS STORES,21/07/2020
83895,The Thousand Villages,PERSONAL CARE,03/08/2020
84125,Magnolia,FOOD AND BEVERAGE,06/08/2020
84176,DreamStore,AMUSEMENT AND ENTERTAINMENT,07/08/2020
84261,Brookshire Brothers,FOOD AND BEVERAGE,10/08/2020
84427,Designee,PROFESSIONAL SERVICES,13/08/2020
84601,KnickKnacks,TELECOMMUNICATION,17/08/2020
85400,Spacebase,FINANCIAL SERVICES,31/08/2020
85883,Directmart,FOOD AND BEVERAGE,10/09/2020
86489,Cassa,TELECOMMUNICATION,22/09/2020
87034,PikePlace,UNIONS AND ASSOCIATIONS,05/10/2020
87040,BetterU,CLOTHING OUTLETS,05/10/2020
87593,BlueFace,PERSONAL CARE,15/10/2020
87782,Drop Five Digital Outlet,TRAVEL AND ACCOMMODATION,19/10/2020
88348,Tweg,PROFESSIONAL SERVICES,30/10/2020
88471,SnackTime,FOOD AND BEVERAGE,02/11/2020
88511,Enviro,AMUSEMENT AND ENTERTAINMENT,03/11/2020
88661,neatandsleek.store,PROFESSIONAL SERVICES,05/11/2020
88901,Charmed,GENERAL GOODS STORES,10/11/2020
88929,AllyouWant,GENERAL GOODS STORES,10/11/2020
89080,BurgerQueen,FOOD AND BEVERAGE,13/11/2020
89432,TerraBella General Store,MEDICAL CARE AND EQUIPMENT,18/11/2020
89551,BeautyBond,GENERAL GOODS STORES,20/11/2020
100213,Seashell,SPORTS OUTLETS,03/12/2020
101251,Five Friends Grocery,FOOD AND BEVERAGE,23/12/2020
101970,Tres Chic,FOOD AND BEVERAGE,07/01/2021
101983,Pines Grocery,FOOD AND BEVERAGE,07/01/2021
102476,Coins,FINANCIAL SERVICES,15/01/2021
102714,CallMe,TELECOMMUNICATION,19/01/2021
105249,DailyWish,PROFESSIONAL SERVICES,02/03/2021
105348,Wholesome,PROFESSIONAL SERVICES,03/03/2021
105689,SolveEazy,FINANCIAL SERVICES,09/03/2021
105969,unkemptdelight.store,GENERAL GOODS STORES,15/03/2021
106091,OutDoorFun,AMUSEMENT AND ENTERTAINMENT,17/03/2021
106913,GoopGub,TRAVEL AND ACCOMMODATION,29/03/2021
106959,DriskPlus,FOOD AND BEVERAGE,30/03/2021
107001,Crapo Crex,GENERAL GOODS STORES,30/03/2021
107162,Urban Green,DIGITAL GOODS AND STATIONERY,01/04/2021
108971,Black Daylight,PROFESSIONAL SERVICES,30/04/2021
109832,hex Rex,TRANSPORTATION,13/05/2021
110282,TreeOfUs,PROFESSIONAL SERVICES,19/05/2021
110899,Sychelle,GENERAL GOODS STORES,28/05/2021
111562,The Fig Tree,GENERAL GOODS STORES,07/06/2021
113610,Flying Jester,TRAVEL AND ACCOMMODATION,07/07/2021
114020,Fashii,CLOTHING OUTLETS,14/07/2021
114380,Healthyyy,FOOD AND BEVERAGE,20/07/2021
114934,ProMarket,PROFESSIONAL SERVICES,30/07/2021
115378,FastEngine,AUTOMOBILES AND VEHICLES,06/08/2021
117116,Primespot,SPORTS OUTLETS,06/09/2021
118780,meltedglitter.store,AMUSEMENT AND ENTERTAINMENT,07/10/2021
118869,EachPeach,"HOME, FURNISHINGS AND ELECTRONICS",08/10/2021
121666,Speedy,FINANCIAL SERVICES,11/11/2021
124811,Adonia,MEDICAL CARE AND EQUIPMENT,14/01/2022
125107,MadeTo,CLOTHING OUTLETS,20/01/2022
125838,Aethen,DIGITAL GOODS AND STATIONERY,03/02/2022
126210,DogHouse,ANIMAL GOODS AND SERVICES,09/02/2022
128400,FoodInspire,FOOD AND BEVERAGE,21/03/2022
132013,FamilyFun,AMUSEMENT AND ENTERTAINMENT,31/05/2022
319,Jet,TRANSPORTATION,27/11/2014
938,AppZa,GENERAL GOODS STORES,09/03/2015
13744,BIDee,INFORMATION TECHNOLOGY,06/03/2017
14657,Noina,INFORMATION TECHNOLOGY,07/04/2017
15536,RedVel,TRAVEL AND ACCOMMODATION,09/05/2017
16172,Joyful,EDUCATION SERVICES,02/06/2017
16311,NiceFancy,CLOTHING OUTLETS,06/06/2017
17373,Ikaa,"HOME, FURNISHINGS AND ELECTRONICS",29/06/2017
21249,Magg,FINANCIAL SERVICES,16/08/2017
23913,Junn,TRANSPORTATION,07/09/2017
25964,Swimpool,CONSTRUCTION AND INDUSTRIAL,27/09/2017
29922,Oddy,GENERAL GOODS STORES,08/11/2017
29942,Treasure Island,DIGITAL GOODS AND STATIONERY,08/11/2017
31551,Raw Dog Clothes,TRANSPORTATION,27/11/2017
31870,Fusion Mart,"HOME, FURNISHINGS AND ELECTRONICS",30/11/2017
33908,Hanesbrands,GENERAL GOODS STORES,05/01/2018
34451,Sure To Shop,AMUSEMENT AND ENTERTAINMENT,11/01/2018
35777,WhiteCoast General Store,TRANSPORTATION,01/02/2018
37868,Rings N Things,TELECOMMUNICATION,05/03/2018
38409,UrbanSheep,GENERAL GOODS STORES,15/03/2018
41239,The Children’s General Store,CLOTHING OUTLETS,11/05/2018
41496,GoThat,DIGITAL GOODS AND STATIONERY,16/05/2018
43362,Better Dream,FOOD AND BEVERAGE,27/06/2018
43483,ChickBerry,PROFESSIONAL SERVICES,29/06/2018
43587,Ye Olde Curiosity Shop,FOOD AND BEVERAGE,02/07/2018
43624,BlueBliss Boutique,GENERAL GOODS STORES,03/07/2018
43626,Truebelle,GENERAL GOODS STORES,03/07/2018
43663,Yellow Umbrella Gift Shop,CLOTHING OUTLETS,03/07/2018
43927,Ravensgoods,CLOTHING OUTLETS,10/07/2018
44439,Moon Trims,PROFESSIONAL SERVICES,20/07/2018
44928,WhatElse?,PERSONAL CARE,01/08/2018
45556,SuperFresh,EDUCATION SERVICES,16/08/2018
45764,Clicked In,AMUSEMENT AND ENTERTAINMENT,21/08/2018
46539,Quickmart,FOOD AND BEVERAGE,06/09/2018
50002,Express Flowers,FINANCIAL SERVICES,04/12/2018
50604,Deluxe Online,MEDICAL CARE AND EQUIPMENT,21/12/2018
51351,LavaBeauty,FOOD AND BEVERAGE,16/01/2019
52321,Pretty Lovely,MEDICAL CARE AND EQUIPMENT,11/02/2019
53567,Silver Leaf Handmade Jewelry,DIGITAL GOODS AND STATIONERY,18/02/2019
53584,Lovely Creations,PROFESSIONAL SERVICES,18/02/2019
53661,PlentyFresh,CLOTHING OUTLETS,20/02/2019
54116,Springoo,PROFESSIONAL SERVICES,04/03/2019
56118,HenceMan,PERSONAL CARE,26/03/2019
56304,organiccharm.store,AMUSEMENT AND ENTERTAINMENT,29/03/2019
56307,Hendrix Fashion Shop,AMUSEMENT AND ENTERTAINMENT,29/03/2019
57782,Graceful,FINANCIAL SERVICES,07/05/2019
58636,Take A Scroll,EDUCATION SERVICES,21/05/2019
61126,The White Hanger,FINANCIAL SERVICES,02/07/2019
62868,Cole Grocery and Deli,CLOTHING OUTLETS,31/07/2019
63166,Eldorado,CLOTHING OUTLETS,06/08/2019
63575,Fanciful Gifting,TRAVEL AND ACCOMMODATION,15/08/2019
63717,Gift Enterprises,"HOME, FURNISHINGS AND ELECTRONICS",19/08/2019
65110,This and That Gifts,INFORMATION TECHNOLOGY,26/08/2019
65868,AdornGreat,DIGITAL GOODS AND STATIONERY,09/09/2019
67166,SpruceCity Grocery,FINANCIAL SERVICES,02/10/2019
70634,Wish Upon a Gift,MEDICAL CARE AND EQUIPMENT,17/11/2019
71761,All About Gift Basket,INFORMATION TECHNOLOGY,17/12/2019
72979,creepydivine.store,MEDICAL CARE AND EQUIPMENT,20/01/2020
74647,Rainy Day Hobby Shop,DIGITAL GOODS AND STATIONERY,27/02/2020
75939,Townsend Gift Shoppe,EDUCATION SERVICES,24/03/2020
76422,Stumble & Relish,PERSONAL CARE,31/03/2020
76514,Unique Online Store,FINANCIAL SERVICES,02/04/2020
76901,UrbanFeelo,DIGITAL GOODS AND STATIONERY,08/04/2020
77202,Candy Tyme,TRANSPORTATION,14/04/2020
77721,The Handmade Showroom,"Computers, accessories, and services",21/04/2020
78158,FashionMatters,FOOD AND BEVERAGE,28/04/2020
78336,E-Shop,EDUCATION SERVICES,30/04/2020
78341,Cornucopia,TELECOMMUNICATION,30/04/2020
79245,Fun Gifts and Treasures,EDUCATION SERVICES,17/05/2020
79781,All American Clothing Co.,FOOD AND BEVERAGE,25/05/2020
82169,Seaside Gifts,PROFESSIONAL SERVICES,04/07/2020
82570,SplishSplash Handmade Soap Co.,EDUCATION SERVICES,13/07/2020
82845,Good Clothing Company,ARTS AND HOBBIES,16/07/2020
82856,Borge Paper Boutique,TRAVEL AND ACCOMMODATION,16/07/2020
82906,The Pink Ribbon,TRAVEL AND ACCOMMODATION,17/07/2020
82924,endlessgiggles.store,TRAVEL AND ACCOMMODATION,17/07/2020
82925,Time for Love Gifts,DIGITAL GOODS AND STATIONERY,17/07/2020
82933,Grown & Sewn,TRAVEL AND ACCOMMODATION,17/07/2020
82944,Dollar General,TRAVEL AND ACCOMMODATION,17/07/2020
82949,Sun & Shore,TRAVEL AND ACCOMMODATION,17/07/2020
82960,Liberty Land,TRAVEL AND ACCOMMODATION,17/07/2020
82963,Blank Leaf,TRAVEL AND ACCOMMODATION,17/07/2020
82971,Wildy Mountain,TRAVEL AND ACCOMMODATION,17/07/2020
83172,Food Town,TRAVEL AND ACCOMMODATION,20/07/2020
83290,Woodforest,TRAVEL AND ACCOMMODATION,22/07/2020
83292,GlowCharm,TRAVEL AND ACCOMMODATION,22/07/2020
83344,Levelex Grocery,TRAVEL AND ACCOMMODATION,23/07/2020
83734,The Flower Lady,ARTS AND HOBBIES,30/07/2020
83795,Fresh Tangerine,TRAVEL AND ACCOMMODATION,31/07/2020
83810,hebboHeu,DIGITAL GOODS AND STATIONERY,31/07/2020
83984,CleoBelle,TELECOMMUNICATION,04/08/2020
84174,Eighth Generation,TRAVEL AND ACCOMMODATION,07/08/2020
84614,On the Go Foods,FINANCIAL SERVICES,17/08/2020
84627,UpTempo,PERSONAL CARE,18/08/2020
85044,LOFT Outlet,TRAVEL AND ACCOMMODATION,24/08/2020
85213,Ever After,PROFESSIONAL SERVICES,27/08/2020
85530,JoyBox General Store,INFORMATION TECHNOLOGY,03/09/2020
86475,Artsy Antiques and Gifts,MEDICAL CARE AND EQUIPMENT,22/09/2020
86531,In the Ivy,TRAVEL AND ACCOMMODATION,23/09/2020
87042,Just Because Gifts,DIGITAL GOODS AND STATIONERY,05/10/2020
87538,Green Shop,FINANCIAL SERVICES,14/10/2020
87606,LazyLush Women Fashion Store,TRAVEL AND ACCOMMODATION,15/10/2020
88114,Digital Daily Deals,TRAVEL AND ACCOMMODATION,26/10/2020
88237,ky High Supplies,DIGITAL GOODS AND STATIONERY,28/10/2020
88857,Once Upon a Trinket,DIGITAL GOODS AND STATIONERY,09/11/2020
88903,Corner Shop,DIGITAL GOODS AND STATIONERY,10/11/2020
89012,LoveLust,EDUCATION SERVICES,12/11/2020
89438,PaperLatte,FOOD AND BEVERAGE,18/11/2020
89756,Enchanted Buddha,FINANCIAL SERVICES,25/11/2020
100204,Think Geek,ANIMAL GOODS AND SERVICES,03/12/2020
100285,ObliQ,PERSONAL CARE,04/12/2020
100801,Premier Mart,PROFESSIONAL SERVICES,15/12/2020
100994,LoLo Zy,FINANCIAL SERVICES,18/12/2020
102378,HorseMan Fashion,MEDICAL CARE AND EQUIPMENT,13/01/2021
102491,EdgeWynk,DIGITAL GOODS AND STATIONERY,15/01/2021
102911,Pieces Clothing,TRAVEL AND ACCOMMODATION,22/01/2021
102912,Azeliea Boutique Shop,TRAVEL AND ACCOMMODATION,22/01/2021
102962,Palm House Gift Shop,INFORMATION TECHNOLOGY,22/01/2021
103151,Virgohues,TRAVEL AND ACCOMMODATION,26/01/2021
104831,Webuystock Online,FOOD AND BEVERAGE,23/02/2021
104963,Faburra Boutique,OTHER SERVICES,25/02/2021
105281,workablebeam.store,ARTS AND HOBBIES,02/03/2021
105330,RevengeUp,PROFESSIONAL SERVICES,03/03/2021
105402,SwagCity,"HOME, FURNISHINGS AND ELECTRONICS",04/03/2021
105735,YouSpice Boutique,DIGITAL GOODS AND STATIONERY,10/03/2021
105810,WholeMart Grocery,PROFESSIONAL SERVICES,11/03/2021
106615,Enviro Mart,SPORTS OUTLETS,24/03/2021
107609,You look great,EDUCATION SERVICES,09/04/2021
108350,Foxglove,PROFESSIONAL SERVICES,22/04/2021
108351,Good Looks,FINANCIAL SERVICES,22/04/2021
108400,The Warm House,DIGITAL GOODS AND STATIONERY,22/04/2021
109130,Orbin Ant,PROFESSIONAL SERVICES,03/05/2021
109253,Sweet Sixteen,GENERAL GOODS STORES,05/05/2021
109255,Swiss Dream Gifts,TELECOMMUNICATION,05/05/2021
109339,True Martin General Store,INFORMATION TECHNOLOGY,06/05/2021
109592,Xciton,DIGITAL GOODS AND STATIONERY,10/05/2021
109831,Amalgary fashion,DIGITAL GOODS AND STATIONERY,13/05/2021
110289,Stanford,FOOD AND BEVERAGE,19/05/2021
110452,Making History,PROFESSIONAL SERVICES,21/05/2021
110596,Shiny Gift Shop,INFORMATION TECHNOLOGY,24/05/2021
110961,MayerWood Ladies Fashion Shop,DIGITAL GOODS AND STATIONERY,28/05/2021
111091,Noah’s Ark Gifts,INFORMATION TECHNOLOGY,31/05/2021
111397,Premiere Retail,PERSONAL CARE,04/06/2021
111721,Twinkle Twinkle Trinkets,FOOD AND BEVERAGE,09/06/2021
111824,Plato’s Closet,TELECOMMUNICATION,10/06/2021
112166,To You From Me,TELECOMMUNICATION,15/06/2021
112427,The White Company,DIGITAL GOODS AND STATIONERY,18/06/2021
112842,Barneys New York,FINANCIAL SERVICES,24/06/2021
112912,Silver Pennies,DIGITAL GOODS AND STATIONERY,25/06/2021
113882,L.L.Bean,DIGITAL GOODS AND STATIONERY,12/07/2021
114365,RobbinRyte,INFORMATION TECHNOLOGY,20/07/2021
114375,Fashion Factory,INFORMATION TECHNOLOGY,20/07/2021
114454,Hopscotch Toy Shop,TRAVEL AND ACCOMMODATION,21/07/2021
114573,Pinnacle Peak General Store,FOOD AND BEVERAGE,23/07/2021
114957,DudeSure,FINANCIAL SERVICES,30/07/2021
114962,Abundance Sold Here,MARKETPLACES,30/07/2021
115975,BelleFelle,FINANCIAL SERVICES,17/08/2021
116005,Brown Wave Grocery,DIGITAL GOODS AND STATIONERY,17/08/2021
116153,Big Inspire,"HOME, FURNISHINGS AND ELECTRONICS",19/08/2021
116416,Online Boutique,EDUCATION SERVICES,25/08/2021
116785,Puire Label,CLOTHING OUTLETS,31/08/2021
116982,Still House,AMUSEMENT AND ENTERTAINMENT,03/09/2021
117733,Blossom Gift Baskets,OTHER SERVICES,17/09/2021
118255,Widehaven,FOOD AND BEVERAGE,27/09/2021
120530,FlyingDude,ARTS AND HOBBIES,21/10/2021
120531,BigMart,CLOTHING OUTLETS,21/10/2021
120724,Stanford General Store,OTHER SERVICES,25/10/2021
120772,FreshVille General Store,TRANSPORTATION,26/10/2021
121347,Primose Beauty Products,OTHER SERVICES,05/11/2021
121562,Bunny Trails,OTHER SERVICES,09/11/2021
121658,Spice Heaven,MEDICAL CARE AND EQUIPMENT,11/11/2021
122295,GrandMark,OTHER SERVICES,22/11/2021
122431,Sensy Gifts,FOOD AND BEVERAGE,24/11/2021
122554,RedChic Women Fashion Store,CLOTHING OUTLETS,26/11/2021
123394,Black River Gift Baskets,PROFESSIONAL SERVICES,14/12/2021
123397,BeMacho Fashion,OTHER SERVICES,14/12/2021
123446,Corner Joy,OTHER SERVICES,15/12/2021
123449,SuperGreat,OTHER SERVICES,15/12/2021
123815,Shields General Store,OTHER SERVICES,22/12/2021
123816,Arabellen,DIGITAL GOODS AND STATIONERY,22/12/2021
124388,Holdger,GENERAL GOODS STORES,06/01/2022
124664,Forte Fusion,CLOTHING OUTLETS,12/01/2022
125029,Serenity Gift Shop,OTHER SERVICES,19/01/2022
125033,Ready Online,OTHER SERVICES,19/01/2022
125034,Front Gourmet,OTHER SERVICES,19/01/2022
125035,Fusion Mart General Store,OTHER SERVICES,19/01/2022
125074,Loveland Gifts,CHARITY AND NGOs,19/01/2022
125075,Willow Tree Gifts,OTHER SERVICES,19/01/2022
125445,Lazy B General Store,OTHER SERVICES,27/01/2022
126058,Guilded Cage,INFORMATION TECHNOLOGY,07/02/2022
126207,Just Flirt,OTHER SERVICES,09/02/2022
126208,Moonpie General Store,OTHER SERVICES,09/02/2022
126209,North Vertical,OTHER SERVICES,09/02/2022
126504,Creating Commerce,OTHER SERVICES,14/02/2022
127051,The Clean Wraith,OTHER SERVICES,24/02/2022
127053,Sale Connection,OTHER SERVICES,24/02/2022
127055,Bark & Beauty,OTHER SERVICES,24/02/2022
127056,Store Rule,OTHER SERVICES,24/02/2022
127058,Nirvana Elegance,OTHER SERVICES,24/02/2022
127059,Cake It Easy,OTHER SERVICES,24/02/2022
128419,Real Diva,OTHER SERVICES,21/03/2022
128420,Pane in the Glass,OTHER SERVICES,21/03/2022
128421,Axial Store,OTHER SERVICES,21/03/2022
128641,Apple Grand Central,INFORMATION TECHNOLOGY,25/03/2022
128870,Store Directory,OTHER SERVICES,29/03/2022
128977,Visionstore,PROFESSIONAL SERVICES,30/03/2022
129717,FashionFiesta,OTHER SERVICES,13/04/2022
129921,Anytime Buys,OTHER SERVICES,18/04/2022
129922,The Earnest Pen Garden Center,OTHER SERVICES,18/04/2022
129974,Nondescript Things,OTHER SERVICES,19/04/2022
130431,The Angelic Growth,TRAVEL AND ACCOMMODATION,27/04/2022
130558,Pixel Store,OTHER SERVICES,29/04/2022
130569,Renew Store,OTHER SERVICES,29/04/2022
130909,Best Of The Earth,OTHER SERVICES,09/05/2022
130937,Primose Beauty Products,OTHER SERVICES,10/05/2022
130938,Glow Inc,OTHER SERVICES,10/05/2022
130939,Eclipse Spa,OTHER SERVICES,10/05/2022
131396,The Everything Shop,OTHER SERVICES,20/05/2022
131543,Store Junky,OTHER SERVICES,23/05/2022
132843,Dream Store,OTHER SERVICES,17/06/2022
133053,Happiness Store,OTHER SERVICES,22/06/2022
133166,The Fantastic Face,PERSONAL CARE,24/06/2022
133665,Crafty Commerce,OTHER SERVICES,05/07/2022
